Question,Answer
What is this?,"I help halal service businesses get more clients using Facebook ads, DMs, and a simple funnel that books calls automatically — without cold-calling or begging family and friends."
Is this a coaching program?,"Nope — I do the heavy lifting for you. I set up the ads, create the funnel, and handle the system. All you do is show up to the calls once people book."
Do you help with e-commerce?,"No, I only help service-based businesses like coaches, consultants, or local services."
Do I need a website?,"Not at all. I use a simple, high-converting sales funnel instead of a traditional website to get you leads and booked calls."
How much does it cost?,"The first call is 100% free. If we’re a good fit and you want to move forward, I’ll show you the pricing and options."
What if I don’t get any leads?,"If you don’t get leads within the agreed timeframe, I’ll keep working with you for free until you do."
Do you work with non-Muslims?,"Yes — as long as your business is halal-compliant, I’m happy to help. It’s not about religion; it’s about values."
How fast will I see results?,"Most clients begin seeing results within 2–4 weeks, once the Facebook algorithm finishes learning."
What makes your system different?,"It combines proven Facebook ads, smart DMs powered by AI, and a funnel that filters serious people — so you don’t waste time."
What if I’ve tried ads before and they didn’t work?,"Chances are the strategy wasn’t built right. I focus on high-converting creative, smart targeting, and follow-up. That’s what changes the game."
What is this?,"I help halal service businesses get more clients using Facebook ads, DMs, and a simple funnel that books calls automatically — without cold-calling or begging family and friends."
Is this a coaching program?,"Nope — I do the heavy lifting for you. I set up the ads, create the funnel, and handle the system. All you do is show up to the calls once people book."
Do you help with e-commerce?,"No, I only help service-based businesses like coaches, consultants, or local services."
Do I need a website?,"Not at all. I use a simple, high-converting sales funnel instead of a traditional website to get you leads and booked calls."
How much does it cost?,"The first call is 100% free. If we’re a good fit and you want to move forward, I’ll show you the pricing and options."
What if I don’t get any leads?,"If you don’t get leads within the agreed timeframe, I’ll keep working with you for free until you do."
Do you work with non-Muslims?,"Yes — as long as your business is halal-compliant, I’m happy to help. It’s not about religion; it’s about values."
How fast will I see results?,"Most clients begin seeing results within 2–4 weeks, once the Facebook algorithm finishes learning."
What makes your system different?,"It combines proven Facebook ads, smart DMs powered by AI, and a funnel that filters serious people — so you don’t waste time."
What if I’ve tried ads before and they didn’t work?,"Chances are the strategy wasn’t built right. I focus on high-converting creative, smart targeting, and follow-up. That’s what changes the game."
What is this?,"I help halal service businesses get more clients using Facebook ads, DMs, and a simple funnel that books calls automatically — without cold-calling or begging family and friends."
Is this a coaching program?,"Nope — I do the heavy lifting for you. I set up the ads, create the funnel, and handle the system. All you do is show up to the calls once people book."
Do you help with e-commerce?,"No, I only help service-based businesses like coaches, consultants, or local services."
Do I need a website?,"Not at all. I use a simple, high-converting sales funnel instead of a traditional website to get you leads and booked calls."
How much does it cost?,"The first call is 100% free. If we’re a good fit and you want to move forward, I’ll show you the pricing and options."
What if I don’t get any leads?,"If you don’t get leads within the agreed timeframe, I’ll keep working with you for free until you do."
Do you work with non-Muslims?,"Yes — as long as your business is halal-compliant, I’m happy to help. It’s not about religion; it’s about values."
How fast will I see results?,"Most clients begin seeing results within 2–4 weeks, once the Facebook algorithm finishes learning."
What makes your system different?,"It combines proven Facebook ads, smart DMs powered by AI, and a funnel that filters serious people — so you don’t waste time."
What if I’ve tried ads before and they didn’t work?,"Chances are the strategy wasn’t built right. I focus on high-converting creative, smart targeting, and follow-up. That’s what changes the game."
What is this?,"I help halal service businesses get more clients using Facebook ads, DMs, and a simple funnel that books calls automatically — without cold-calling or begging family and friends."
Is this a coaching program?,"Nope — I do the heavy lifting for you. I set up the ads, create the funnel, and handle the system. All you do is show up to the calls once people book."
Do you help with e-commerce?,"No, I only help service-based businesses like coaches, consultants, or local services."
Do I need a website?,"Not at all. I use a simple, high-converting sales funnel instead of a traditional website to get you leads and booked calls."
How much does it cost?,"The first call is 100% free. If we’re a good fit and you want to move forward, I’ll show you the pricing and options."
What if I don’t get any leads?,"If you don’t get leads within the agreed timeframe, I’ll keep working with you for free until you do."
Do you work with non-Muslims?,"Yes — as long as your business is halal-compliant, I’m happy to help. It’s not about religion; it’s about values."
How fast will I see results?,"Most clients begin seeing results within 2–4 weeks, once the Facebook algorithm finishes learning."
What makes your system different?,"It combines proven Facebook ads, smart DMs powered by AI, and a funnel that filters serious people — so you don’t waste time."
What if I’ve tried ads before and they didn’t work?,"Chances are the strategy wasn’t built right. I focus on high-converting creative, smart targeting, and follow-up. That’s what changes the game."
What is this?,"I help halal service businesses get more clients using Facebook ads, DMs, and a simple funnel that books calls automatically — without cold-calling or begging family and friends."
Is this a coaching program?,"Nope — I do the heavy lifting for you. I set up the ads, create the funnel, and handle the system. All you do is show up to the calls once people book."
Do you help with e-commerce?,"No, I only help service-based businesses like coaches, consultants, or local services."
Do I need a website?,"Not at all. I use a simple, high-converting sales funnel instead of a traditional website to get you leads and booked calls."
How much does it cost?,"The first call is 100% free. If we’re a good fit and you want to move forward, I’ll show you the pricing and options."
What if I don’t get any leads?,"If you don’t get leads within the agreed timeframe, I’ll keep working with you for free until you do."
Do you work with non-Muslims?,"Yes — as long as your business is halal-compliant, I’m happy to help. It’s not about religion; it’s about values."
How fast will I see results?,"Most clients begin seeing results within 2–4 weeks, once the Facebook algorithm finishes learning."
What makes your system different?,"It combines proven Facebook ads, smart DMs powered by AI, and a funnel that filters serious people — so you don’t waste time."
What if I’ve tried ads before and they didn’t work?,"Chances are the strategy wasn’t built right. I focus on high-converting creative, smart targeting, and follow-up. That’s what changes the game."
What is this?,"I help halal service businesses get more clients using Facebook ads, DMs, and a simple funnel that books calls automatically — without cold-calling or begging family and friends."
Is this a coaching program?,"Nope — I do the heavy lifting for you. I set up the ads, create the funnel, and handle the system. All you do is show up to the calls once people book."
Do you help with e-commerce?,"No, I only help service-based businesses like coaches, consultants, or local services."
Do I need a website?,"Not at all. I use a simple, high-converting sales funnel instead of a traditional website to get you leads and booked calls."
How much does it cost?,"The first call is 100% free. If we’re a good fit and you want to move forward, I’ll show you the pricing and options."
What if I don’t get any leads?,"If you don’t get leads within the agreed timeframe, I’ll keep working with you for free until you do."
Do you work with non-Muslims?,"Yes — as long as your business is halal-compliant, I’m happy to help. It’s not about religion; it’s about values."
How fast will I see results?,"Most clients begin seeing results within 2–4 weeks, once the Facebook algorithm finishes learning."
What makes your system different?,"It combines proven Facebook ads, smart DMs powered by AI, and a funnel that filters serious people — so you don’t waste time."
What if I’ve tried ads before and they didn’t work?,"Chances are the strategy wasn’t built right. I focus on high-converting creative, smart targeting, and follow-up. That’s what changes the game."
What is this?,"I help halal service businesses get more clients using Facebook ads, DMs, and a simple funnel that books calls automatically — without cold-calling or begging family and friends."
Is this a coaching program?,"Nope — I do the heavy lifting for you. I set up the ads, create the funnel, and handle the system. All you do is show up to the calls once people book."
Do you help with e-commerce?,"No, I only help service-based businesses like coaches, consultants, or local services."
Do I need a website?,"Not at all. I use a simple, high-converting sales funnel instead of a traditional website to get you leads and booked calls."
How much does it cost?,"The first call is 100% free. If we’re a good fit and you want to move forward, I’ll show you the pricing and options."
What if I don’t get any leads?,"If you don’t get leads within the agreed timeframe, I’ll keep working with you for free until you do."
Do you work with non-Muslims?,"Yes — as long as your business is halal-compliant, I’m happy to help. It’s not about religion; it’s about values."
How fast will I see results?,"Most clients begin seeing results within 2–4 weeks, once the Facebook algorithm finishes learning."
What makes your system different?,"It combines proven Facebook ads, smart DMs powered by AI, and a funnel that filters serious people — so you don’t waste time."
What if I’ve tried ads before and they didn’t work?,"Chances are the strategy wasn’t built right. I focus on high-converting creative, smart targeting, and follow-up. That’s what changes the game."
What is this?,"I help halal service businesses get more clients using Facebook ads, DMs, and a simple funnel that books calls automatically — without cold-calling or begging family and friends."
Is this a coaching program?,"Nope — I do the heavy lifting for you. I set up the ads, create the funnel, and handle the system. All you do is show up to the calls once people book."
Do you help with e-commerce?,"No, I only help service-based businesses like coaches, consultants, or local services."
Do I need a website?,"Not at all. I use a simple, high-converting sales funnel instead of a traditional website to get you leads and booked calls."
How much does it cost?,"The first call is 100% free. If we’re a good fit and you want to move forward, I’ll show you the pricing and options."
What if I don’t get any leads?,"If you don’t get leads within the agreed timeframe, I’ll keep working with you for free until you do."
Do you work with non-Muslims?,"Yes — as long as your business is halal-compliant, I’m happy to help. It’s not about religion; it’s about values."
How fast will I see results?,"Most clients begin seeing results within 2–4 weeks, once the Facebook algorithm finishes learning."
What makes your system different?,"It combines proven Facebook ads, smart DMs powered by AI, and a funnel that filters serious people — so you don’t waste time."
What if I’ve tried ads before and they didn’t work?,"Chances are the strategy wasn’t built right. I focus on high-converting creative, smart targeting, and follow-up. That’s what changes the game."
What is this?,"I help halal service businesses get more clients using Facebook ads, DMs, and a simple funnel that books calls automatically — without cold-calling or begging family and friends."
Is this a coaching program?,"Nope — I do the heavy lifting for you. I set up the ads, create the funnel, and handle the system. All you do is show up to the calls once people book."
Do you help with e-commerce?,"No, I only help service-based businesses like coaches, consultants, or local services."
Do I need a website?,"Not at all. I use a simple, high-converting sales funnel instead of a traditional website to get you leads and booked calls."
How much does it cost?,"The first call is 100% free. If we’re a good fit and you want to move forward, I’ll show you the pricing and options."
What if I don’t get any leads?,"If you don’t get leads within the agreed timeframe, I’ll keep working with you for free until you do."
Do you work with non-Muslims?,"Yes — as long as your business is halal-compliant, I’m happy to help. It’s not about religion; it’s about values."
How fast will I see results?,"Most clients begin seeing results within 2–4 weeks, once the Facebook algorithm finishes learning."
What makes your system different?,"It combines proven Facebook ads, smart DMs powered by AI, and a funnel that filters serious people — so you don’t waste time."
What if I’ve tried ads before and they didn’t work?,"Chances are the strategy wasn’t built right. I focus on high-converting creative, smart targeting, and follow-up. That’s what changes the game."
What is this?,"I help halal service businesses get more clients using Facebook ads, DMs, and a simple funnel that books calls automatically — without cold-calling or begging family and friends."
Is this a coaching program?,"Nope — I do the heavy lifting for you. I set up the ads, create the funnel, and handle the system. All you do is show up to the calls once people book."
Do you help with e-commerce?,"No, I only help service-based businesses like coaches, consultants, or local services."
Do I need a website?,"Not at all. I use a simple, high-converting sales funnel instead of a traditional website to get you leads and booked calls."
How much does it cost?,"The first call is 100% free. If we’re a good fit and you want to move forward, I’ll show you the pricing and options."
What if I don’t get any leads?,"If you don’t get leads within the agreed timeframe, I’ll keep working with you for free until you do."
Do you work with non-Muslims?,"Yes — as long as your business is halal-compliant, I’m happy to help. It’s not about religion; it’s about values."
How fast will I see results?,"Most clients begin seeing results within 2–4 weeks, once the Facebook algorithm finishes learning."
What makes your system different?,"It combines proven Facebook ads, smart DMs powered by AI, and a funnel that filters serious people — so you don’t waste time."
What if I’ve tried ads before and they didn’t work?,"Chances are the strategy wasn’t built right. I focus on high-converting creative, smart targeting, and follow-up. That’s what changes the game."
